Name,MAC Address,Alias
1:1,EC:01:D5:E9:67:30,
1:10,00:1A:E8:7A:2E:FB,
1:10,54:BF:64:8B:73:35,; xpazosw10
1:11,5C:60:BA:E0:14:DF,; lacevedow10
1:12,00:1A:E8:7B:0B:78,
1:12,7C:57:58:65:E3:F4,; MTSUAREZW10
1:13,5C:60:BA:E0:14:D3,; ealcaciegaw10
1:17,00:1A:E8:7B:0B:2F,
1:17,7C:57:58:1B:14:0F,; cromanwin10
1:18,38:CA:84:B0:80:45,
1:19,00:1A:E8:78:F9:28,
1:2,00:1A:E8:7B:0B:77,
1:2,84:69:93:81:4C:99,; azavalaw10
1:21,00:1A:E8:68:7F:96,
1:21,38:CA:84:B0:80:61,; mandrangoWIN10
1:22,00:1A:E8:7B:0B:82,
1:22,38:CA:84:B0:80:4C,; LBARRERAW10
1:24,00:1A:E8:7A:2F:19,jcabrera
1:24,00:1A:E8:7B:0A:8D,jcabrera
1:24,00:1A:E8:7C:0B:C4,jcabrera
1:28,00:1A:E8:78:EA:A8,
1:28,84:69:93:7A:B4:CB,; scvinueza2w10
1:29,00:1A:E8:94:5C:36,
1:29,84:69:93:7A:B4:FC,; lbermeowin10
1:3,00:1A:E8:7A:2E:F9,
1:3,7C:57:58:1B:1A:3B,; dibarraw10
1:3,A0:1D:48:F4:CF:03,; falbujaprtw7
1:30,00:1A:E8:68:7F:83,
1:30,64:00:6A:83:D7:C0,; mproaniow10
1:31,00:1A:E8:95:1D:C3,
1:31,5C:60:BA:E0:14:EB,; rlagos2w10
1:34,00:1A:E8:7A:2F:1E,
1:34,5C:60:BA:E0:14:D0,; aahidalgow10
1:35,54:BF:64:8B:6F:E5,; rvvacaw10
1:37,00:1A:E8:7A:F6:E3,
1:38,00:1A:E8:7B:0B:7D,
1:38,64:00:6A:84:5B:80,; JTORRESW
1:38,84:69:93:7A:B8:DF,; JTORRESW11
1:4,00:1A:E8:7A:2F:27,
1:4,64:00:6A:83:6F:9F,; MAULESTIAW10
1:40,00:1A:E8:68:7F:B5,
1:40,38:CA:84:B0:80:40,; DPICHUCHOW10
1:41,00:1A:E8:7B:0B:20,
1:41,5C:60:BA:E0:14:87,; rvacaw10
1:42,00:1A:E8:7A:F6:BE,
1:42,38:CA:84:B0:7E:49,; rbleonw10
1:43,00:1A:E8:7A:F8:A9,
1:43,5C:60:BA:E0:14:93,; PDELATORREW10
1:44,00:1A:E8:7A:F6:D9,
1:44,54:BF:64:8B:59:DF,; jmejia1w10
1:47,EC:01:D5:E8:FA:64,
1:48,6C:C2:17:24:05:BA,
1:49,00:00:AA:D5:1C:F4,
1:49,00:1A:E8:68:7F:42,
1:49,BC:EA:FA:73:CC:95,
1:49,C8:CB:B8:63:83:AE,
1:49,D4:C9:EF:ED:6F:8F,; hvasco1w7
1:49,EC:01:D5:E8:89:4C,
1:49,EC:01:D5:E8:A1:5C,
1:49,EC:01:D5:E8:A1:FC,
1:49,EC:01:D5:E8:A2:7C,
1:49,EC:01:D5:E8:A3:5C,
1:49,EC:01:D5:E8:A3:94,
1:49,EC:01:D5:E8:A4:AC,
1:49,EC:01:D5:E8:A4:BC,
1:49,EC:01:D5:E8:A5:CC,
1:49,EC:01:D5:E8:A5:E4,
1:49,EC:01:D5:E8:AA:CC,
1:49,EC:01:D5:E8:CA:A4,
1:49,EC:01:D5:E8:E7:80,
1:49,EC:01:D5:E8:F6:9C,
1:49,EC:01:D5:E8:F9:70,
1:49,EC:01:D5:E8:F9:D0,
1:49,EC:01:D5:E8:F9:DC,
1:49,EC:01:D5:E8:FD:C8,
1:49,EC:01:D5:E8:FF:30,
1:49,EC:01:D5:E9:01:3C,
1:49,EC:01:D5:E9:14:80,
1:49,EC:01:D5:E9:16:04,
1:49,EC:01:D5:E9:16:14,
1:49,EC:01:D5:E9:16:1C,
1:49,EC:01:D5:E9:16:2C,
1:49,EC:01:D5:E9:17:08,
1:49,EC:01:D5:E9:17:1C,
1:49,EC:01:D5:E9:17:20,
1:49,EC:01:D5:E9:17:84,
1:49,EC:01:D5:E9:18:00,
1:49,EC:01:D5:E9:18:20,
1:49,EC:01:D5:E9:30:64,
1:49,EC:01:D5:E9:33:28,
1:49,EC:01:D5:E9:35:88,
1:49,EC:01:D5:E9:46:80,
1:49,EC:01:D5:E9:5F:80,
1:49,EC:01:D5:E9:60:0C,
1:49,EC:01:D5:E9:60:D4,
1:49,EC:01:D5:E9:64:50,
1:49,EC:01:D5:E9:65:5C,
1:49,EC:01:D5:E9:65:E0,
1:49,EC:01:D5:E9:65:F0,
1:49,EC:01:D5:E9:65:FC,
1:49,EC:01:D5:E9:69:D8,
1:49,F0:92:1C:61:1F:2F,
1:49,F6:CE:48:F6:6C:E2,
1:49,00:20:6B:81:1F:0F,
1:49,00:21:B7:E4:54:39,
1:49,00:21:B7:E4:54:79,
1:49,00:21:B7:E4:64:E9,
1:49,00:26:73:42:CB:33,
1:49,00:26:73:4A:9F:75,
1:49,00:26:73:4B:A3:41,
1:49,00:26:73:4B:A3:A1,
1:49,00:26:73:4B:A4:4F,
1:49,00:26:73:4B:A4:B3,
1:49,00:26:73:4B:A5:13,
1:49,00:26:73:4B:A5:1E,
1:49,00:26:73:4B:B6:18,
1:49,00:26:73:51:7C:12,
1:49,00:68:EB:AE:93:2A,; PROWATCH1
1:49,00:9C:02:24:91:69,
1:49,0E:88:2F:9E:E2:EE,
1:49,0E:88:2F:9E:E6:14,
1:49,0E:88:2F:9E:EB:2A,
1:49,0E:88:2F:9E:EC:9E,
1:49,0E:88:2F:9E:ED:96,
1:49,0E:88:2F:9E:ED:D4,
1:49,0E:88:2F:9E:EE:12,
1:49,0E:88:2F:9E:EF:48,
1:49,0E:9E:F7:C7:8C:96,
1:49,0E:9E:F7:C7:8E:5E,
1:49,20:9E:F7:C7:8C:96,
1:49,20:9E:F7:C7:8E:5E,
1:49,28:80:23:12:2F:75,
1:49,28:80:23:12:2F:AB,
1:49,34:73:5A:A9:08:14,
1:49,38:CA:84:B0:7A:FF,; flovato1w10
1:49,3C:D9:2B:A2:7A:81,
1:49,40:A8:F0:1E:67:15,; VMS
1:49,42:88:2F:9E:E6:14,
1:49,42:88:2F:9E:EC:9E,
1:49,42:88:2F:9E:ED:96,
1:49,42:88:2F:9E:ED:D4,
1:49,42:88:2F:9E:EF:48,
1:49,6C:62:6D:D8:61:C2,; dpichucho10w
1:49,6C:C2:17:26:86:A1,
1:49,6C:C2:17:26:86:DC,
1:49,6C:C2:17:26:90:A2,
1:49,6C:C2:17:26:90:F7,
1:49,6C:C2:17:26:A0:4D,
1:49,6C:C2:17:26:A0:5F,
1:49,6C:C2:17:26:A0:92,
1:49,84:69:93:7A:48:4A,; nperezwin10
1:49,84:69:93:7A:50:1A,; mamontenegroWIN10
1:49,98:4B:E1:3D:F6:E0,
1:49,98:BE:94:44:AD:46,
1:49,98:BE:94:44:C7:7E,
1:49,98:BE:94:44:CA:CE,
1:49,9C:93:4E:5D:D1:2E,
1:49,A0:29:19:66:90:24,; jherediapw10
1:49,A0:29:19:66:91:D9,; lgmoraprtw10
1:49,A0:48:1C:68:B6:53,
1:49,A0:48:1C:68:C6:2E,
1:49,A0:48:1C:68:C6:FB,
1:49,A0:48:1C:6A:C3:6A,
1:5,00:1A:E8:7B:0B:72,
1:5,38:CA:84:B0:7F:85,; rpallasco1w10
1:6,00:1A:E8:78:FA:74,
1:6,84:69:93:7A:BC:45,; pmorenow10
1:7,00:1A:E8:7B:0B:73,
1:7,38:CA:84:B0:80:68,; apaguirrewin10
1:8,00:1A:E8:7A:2F:15,
1:9,00:1A:E8:7A:FD:6E,
1:9,38:CA:84:B0:80:53,; freyesw10
2:1,C8:CB:B8:5F:B0:72,
2:12,54:BF:64:8B:71:E7,M4-2-05
2:14,00:1A:E8:7B:0B:1D,
2:14,5C:60:BA:E0:14:CB,
2:15,00:1A:E8:7B:0A:8A,SW-HELPDESK
2:15,00:1A:E8:7B:0A:C8,SW-HELPDESK
2:15,00:1A:E8:85:1C:13,SW-HELPDESK
2:15,10:60:4B:85:31:5A,SW-HELPDESK; eealvarezw10
2:15,64:00:6A:83:99:58,SW-HELPDESK
2:15,64:00:6A:83:D0:B2,SW-HELPDESK; fluna10w
2:15,7C:57:58:1B:1A:AC,SW-HELPDESK; ncuestaw10
2:16,00:1A:E8:7B:0B:B0,
2:16,54:BF:64:8B:6F:C1,; pejaramillow10
2:17,00:1A:E8:7A:2E:34,SW-HELPDESK-AE
2:17,54:BF:64:8B:6E:C7,SW-HELPDESK-AE; aaenriquezw10
2:18,00:1A:E8:7A:F6:F8,
2:18,38:CA:84:B0:7E:4E,; etenelema1w10
2:18,54:BF:64:8B:73:12,; mvsanchezwin10
2:19,00:1A:E8:7A:2F:23,SW-HELPDESK
2:19,38:CA:84:B0:7E:4F,SW-HELPDESK; rleonw10
2:20,0E:88:2F:9E:EC:22,SW-GRYC
2:20,40:88:2F:9E:EC:22,SW-GRYC
2:20,70:0B:4F:45:47:B0,SW-GRYC
2:20,70:0B:4F:45:47:C1,SW-GRYC
2:21,00:1A:E8:7B:0B:AB,
2:21,84:69:93:7A:4F:AD,
2:22,00:1A:E8:7A:F7:0D,
2:22,84:69:93:7A:B8:6D,; enicolalde2w10
2:23,00:1A:E8:94:5C:0A,
2:23,08:00:27:EE:9B:A5,; nburbano-PC
2:23,54:BF:64:8B:6E:C9,; nburbanow10
2:24,64:00:6A:83:72:85,; 172.22.44.118
2:25,00:1A:E8:75:AA:30,
2:25,38:CA:84:B0:80:20,; htoapantaw10
2:26,64:00:6A:83:77:C5,; gcevallos10w
2:27,00:1A:E8:7A:2F:1C,
2:27,5C:60:BA:E0:15:27,; gcevallosw10
2:28,00:1A:E8:7A:F9:15,
2:28,38:CA:84:B0:7E:51,; ddalmeidaw10
2:29,7C:57:58:1B:1A:A5,; piturraldew10
2:3,EC:01:D5:E8:A6:14,
2:31,00:1A:E8:7B:0B:9E,
2:31,5C:60:BA:E0:14:CE,; jcabreraw10
2:32,00:1A:E8:7B:0B:54,
2:32,54:BF:64:8B:73:47,; bponcew10
2:33,00:1A:E8:7A:FC:B0,
2:33,84:69:93:6D:6B:69,; jmarcillowin10
2:34,00:1A:E8:94:5C:0C,
2:34,84:69:93:7A:BC:38,; dvasconezw10
2:35,00:1A:E8:7B:0B:67,
2:35,54:BF:64:8B:72:65,; jjrojasw10
2:37,00:1A:E8:68:7F:52,
2:37,54:BF:64:89:90:40,; larrobawin10
2:38,00:1A:E8:7B:0B:8C,
2:38,5C:60:BA:E0:13:84,
2:4,00:1A:E8:7A:FC:B5,
2:40,00:1A:E8:7A:F7:0A,
2:41,B4:96:91:33:CB:24,; esegarrawin10
2:41,00:1A:E8:7B:0B:A9,
2:42,00:1A:E8:78:EA:76,
2:42,54:BF:64:8E:00:7A,; plemaw10
2:45,00:1A:E8:7A:F8:8C,
2:45,54:BF:64:8B:6E:D4,; mpcoellowin10
2:47,EC:01:D5:E8:99:60,
2:48,00:26:73:43:6D:3C,
2:5,84:69:93:7A:B6:2F,; mvgallardoaw10
2:6,00:1A:E8:7A:2E:FA,
2:6,54:BF:64:8E:14:95,; syacchiremaw10
2:7,00:1A:E8:85:1C:63,
2:9,00:1A:E8:7A:2F:28,
2:9,54:BF:64:8B:DD:D3,; dchapalbayw10
2:9,80:EE:73:B6:6C:BD,
2:9,A0:1D:48:F4:8F:99,; JMARCILLOPRTW10
3:1,D4:BE:D9:82:4F:8E,PuntoMultiple.Ing.Lo
3:1,00:1A:E8:7A:2E:A8,PuntoMultiple.Ing.Lo
3:1,00:1A:E8:7A:F6:E6,PuntoMultiple.Ing.Lo
3:1,00:1A:E8:7A:FC:9B,PuntoMultiple.Ing.Lo
3:1,00:1A:E8:7A:FD:7D,PuntoMultiple.Ing.Lo
3:1,54:BF:64:8B:72:83,PuntoMultiple.Ing.Lo
3:1,54:BF:64:8B:DC:11,PuntoMultiple.Ing.Lo; rsalazarw10
3:1,54:BF:64:8B:DC:CB,PuntoMultiple.Ing.Lo; lherrerawin10
3:1,5C:60:BA:E0:14:83,PuntoMultiple.Ing.Lo; fluna10wn
3:1,A0:29:19:66:90:2D,PuntoMultiple.Ing.Lo; FALBUJAPRTW10
3:10,00:1A:E8:7A:2F:1B,
3:10,84:69:93:7A:BA:4A,; lchalcow10
3:11,10:60:4B:89:D7:59,; gf0
3:12,84:69:93:7A:B8:A8,; jfarias1w10
3:14,00:1A:E8:7B:0A:91,
3:14,84:69:93:7A:4F:54,; GJIJONW10
3:15,00:1A:E8:7A:2E:E1,
3:15,54:BF:64:89:A3:05,; jjijonw10
3:16,00:1A:E8:7B:0B:74,
3:16,84:69:93:7A:B8:B5,; wgaleasw10
3:17,B4:96:91:33:C8:A0,; fabian-Precision-Tower-3430
3:17,00:1A:E8:7A:2F:0D,
3:18,00:1A:E8:7B:0B:A5,
3:18,84:69:93:7A:4E:4A,
3:20,00:1A:E8:7B:0B:8F,
3:20,54:BF:64:89:9D:E9,; XVALENCIAW10
3:21,B4:96:91:33:CA:2A,; rlasluisaw10
3:21,00:1A:E8:7A:2F:12,
3:22,00:1A:E8:7A:F6:E2,
3:22,A0:29:19:66:94:3B,; fdlcruzportw10
3:24,00:1A:E8:95:1D:A9,
3:24,38:CA:84:B0:80:48,; geraswin10
3:27,00:1A:E8:7A:2E:CC,
3:27,84:69:93:79:B5:D9,; asantillanw10
3:28,64:00:6A:83:55:C4,; bce-Precision-Tower-5810
3:29,00:1A:E8:7A:2E:82,
3:29,54:BF:64:89:A1:32,; ptamayowin10
3:31,00:1A:E8:7A:2E:BB,
3:31,7C:57:58:1B:19:7D,; csaavedrawin10
3:32,00:1A:E8:79:E8:24,
3:32,84:69:93:7A:4F:CC,; bbonillaw10
3:35,00:1A:E8:7A:F6:C2,
3:35,7C:57:58:5A:D3:6F,
3:36,00:1A:E8:7A:2F:07,SW-DJARA
3:36,84:69:93:7A:B3:FA,SW-DJARA; dajaraw10
3:37,00:1A:E8:7B:0B:9A,
3:39,00:1A:E8:7A:2E:F4,
3:39,1C:AF:F7:23:DD:DB,
3:4,00:1A:E8:7B:0B:81,
3:4,64:00:6A:83:54:CA,; ssortizw7
3:40,00:1A:E8:7A:2F:10,
3:40,84:69:93:7A:B6:31,; ddjaramillow10
3:41,00:1A:E8:7A:2F:01,
3:41,84:69:93:7A:51:FD,; IGUEVARAW10
3:42,00:1A:E8:7A:FC:9E,
3:42,84:69:93:7A:B8:65,; CPUGA2W10
3:43,00:1A:E8:7A:F8:9A,
3:43,A0:29:19:66:94:27,; rjaramilloprtw10
3:44,38:CA:84:B0:80:4A,
3:45,00:1A:E8:7C:0B:96,
3:45,5C:60:BA:E0:15:37,; tdavilaw10
3:46,EC:01:D5:E8:C0:60,
3:5,00:1A:E8:95:1D:AA,
3:5,84:69:93:7A:BD:2A,; ggenriquezw10
3:6,00:1A:E8:7B:0A:92,
3:6,64:00:6A:83:52:DB,; jmontenegrow7
3:7,00:1A:E8:79:E8:25,
3:7,84:69:93:7A:B9:0A,; ksimalizaw10
3:9,00:1A:E8:7A:2F:1A,
